SYS_Time,EXCH,INSTRUMENT,EXPIRY,OPTION,STRIKE,tradedDate,time,underlyingValue,lastPrice,buyPrice1,sellPrice1,buyQuantity1,sellQuantity1,totalBuyQuantity,totalSellQuantity,openInterest,marketLot,tradedVolume,tradedValue,change,pChange,strikePrice,expiryDate,optionType,closePrice,openPrice,lowPrice,highPrice
Mon Oct  2 09:29:57 IST 2017,BANKNIFTY,OPTIDX,12OCT2017,PE,23500,29SEP2017,15:30:29,24053.00,84.00,73.20,89.70,80,120,8680,1480,8840,40,,,change,-56.28,23500.00,12OCT2017,PE,79.50,61.75,50.00,84.00 
Mon Oct  2 09:29:57 IST 2017,BANKNIFTY,OPTIDX,12OCT2017,PE,23900,29SEP2017,15:30:29,24053.00,180.00,136.50,-,40,-,8360,-,160,40,,,change,-41.83,23900.00,12OCT2017,PE,183.80,150.00,120.00,185.05 
Mon Oct  2 09:29:57 IST 2017,BANKNIFTY,OPTIDX,12OCT2017,CE,24000,29SEP2017,15:30:29,24053.00,250.00,228.00,252.00,80,40,15960,200,3600,40,,,change,-2.50,24000.00,12OCT2017,CE,230.00,261.00,200.00,480.50 
Mon Oct  2 09:29:57 IST 2017,BANKNIFTY,OPTIDX,12OCT2017,PE,24000,29SEP2017,15:30:29,24053.00,224.60,200.90,-,320,-,9000,-,2040,40,,,change,-27.56,24000.00,12OCT2017,PE,206.55,157.10,97.50,225.45 
Mon Oct  2 09:29:57 IST 2017,BANKNIFTY,OPTIDX,12OCT2017,PE,24100,29SEP2017,15:30:29,24053.00,56.00,87.70,267.60,80,40,6200,80,40,40,,,change,-,24100.00,12OCT2017,PE,56.00,-,-,- 
Mon Oct  2 09:29:57 IST 2017,BANKNIFTY,OPTIDX,12OCT2017,CE,24200,29SEP2017,15:30:29,24053.00,171.80,136.00,227.65,80,80,8360,400,120,40,,,change,-75.60,24200.00,12OCT2017,CE,155.60,210.00,120.50,210.00 
Mon Oct  2 09:29:57 IST 2017,BANKNIFTY,OPTIDX,12OCT2017,CE,24500,29SEP2017,15:30:29,24053.00,59.00,59.00,64.75,160,80,10440,2640,31480,40,,,change,-15.17,24500.00,12OCT2017,CE,62.10,85.00,51.45,120.00 
Mon Oct  2 09:29:57 IST 2017,BANKNIFTY,OPTIDX,12OCT2017,CE,24600,29SEP2017,15:30:29,24053.00,100.70,11.00,-,80,-,7240,-,40,40,,,change,-79.92,24600.00,12OCT2017,CE,100.70,100.70,100.70,100.70 
Mon Oct  2 09:29:57 IST 2017,BANKNIFTY,OPTIDX,12OCT2017,CE,24700,29SEP2017,15:30:29,24053.00,45.00,5.10,35.00,40,40,8080,280,40,40,,,change,-90.17,24700.00,12OCT2017,CE,45.00,52.00,45.00,52.00 
Mon Oct  2 09:29:57 IST 2017,BANKNIFTY,OPTIDX,12OCT2017,CE,25000,29SEP2017,15:30:29,24053.00,14.95,12.50,16.00,40,80,20840,12120,20400,40,,,change,-15.06,25000.00,12OCT2017,CE,13.05,24.15,10.50,26.60 
Mon Oct  2 09:29:57 IST 2017,BANKNIFTY,OPTIDX,12OCT2017,CE,25100,29SEP2017,15:30:29,24053.00,21.30,3.00,19.70,40,2000,6440,4840,40,40,,,change,-93.13,25100.00,12OCT2017,CE,21.30,27.95,21.30,27.95 
Mon Oct  2 09:29:57 IST 2017,BANKNIFTY,OPTIDX,12OCT2017,CE,25500,29SEP2017,15:30:29,24053.00,16.00,2.05,7.80,2000,1800,17080,10880,4000,40,,,change,-92.05,25500.00,12OCT2017,CE,16.00,16.00,16.00,16.00 
Mon Oct  2 09:29:57 IST 2017,BANKNIFTY,OPTIDX,26OCT2017,CE,22500,29SEP2017,15:30:29,24053.00,1611.00,1575.00,1625.35,40,200,2160,1280,37480,40,,,change,5.19,22500.00,26OCT2017,CE,1601.70,1719.45,1593.85,1728.75 
Mon Oct  2 09:29:57 IST 2017,BANKNIFTY,OPTIDX,26OCT2017,PE,22500,29SEP2017,15:30:29,24053.00,49.05,47.95,50.50,40,40,7440,1880,160480,40,,,change,-16.79,22500.00,26OCT2017,PE,51.20,48.00,35.20,56.95 
Mon Oct  2 09:29:57 IST 2017,BANKNIFTY,OPTIDX,26OCT2017,PE,22600,29SEP2017,15:30:29,24053.00,55.00,52.50,60.00,40,40,13280,200,2640,40,,,change,12.24,22600.00,26OCT2017,PE,55.35,49.00,46.95,61.60 
Mon Oct  2 09:29:57 IST 2017,BANKNIFTY,OPTIDX,26OCT2017,PE,22700,29SEP2017,15:30:29,24053.00,70.00,57.25,76.00,40,40,2360,120,3440,40,,,change,-20.45,22700.00,26OCT2017,PE,67.75,52.00,49.00,70.00 
Mon Oct  2 09:29:57 IST 2017,BANKNIFTY,OPTIDX,26OCT2017,PE,22800,29SEP2017,15:30:29,24053.00,76.00,55.05,85.00,40,40,12880,160,3640,40,,,change,14.46,22800.00,26OCT2017,PE,76.00,60.00,52.00,76.00 
Mon Oct  2 09:29:57 IST 2017,BANKNIFTY,OPTIDX,26OCT2017,PE,22900,29SEP2017,15:30:29,24053.00,81.50,75.05,99.40,80,40,13600,120,8080,40,,,change,-25.91,22900.00,26OCT2017,PE,85.15,65.00,61.05,94.00 
Mon Oct  2 09:29:57 IST 2017,BANKNIFTY,OPTIDX,26OCT2017,CE,23000,29SEP2017,15:30:29,24053.00,1142.00,1127.75,1160.85,40,40,3120,2160,68520,40,,,change,2.92,23000.00,26OCT2017,CE,1148.50,1234.00,1101.75,1310.00 
Mon Oct  2 09:29:57 IST 2017,BANKNIFTY,OPTIDX,26OCT2017,PE,23000,29SEP2017,15:30:29,24053.00,97.35,96.35,97.70,40,120,25400,5520,438200,40,,,change,-11.10,23000.00,26OCT2017,PE,97.75,92.70,70.25,108.10 
Mon Oct  2 09:29:57 IST 2017,BANKNIFTY,OPTIDX,26OCT2017,CE,23100,29SEP2017,15:30:29,24053.00,1109.00,939.40,1217.00,40,40,3280,280,400,40,,,change,47.87,23100.00,26OCT2017,CE,1109.00,1100.00,1100.00,1109.00 
Mon Oct  2 09:29:57 IST 2017,BANKNIFTY,OPTIDX,26OCT2017,PE,23100,29SEP2017,15:30:29,24053.00,117.75,91.00,117.15,80,80,9240,480,9560,40,,,change,-13.51,23100.00,26OCT2017,PE,115.30,97.85,78.25,117.75 
Mon Oct  2 09:29:57 IST 2017,BANKNIFTY,OPTIDX,26OCT2017,CE,23200,29SEP2017,15:30:29,24053.00,954.00,886.60,1119.35,40,40,1280,240,1240,40,,,change,-,23200.00,26OCT2017,CE,954.00,-,-,- 
Mon Oct  2 09:29:57 IST 2017,BANKNIFTY,OPTIDX,26OCT2017,PE,23200,29SEP2017,15:30:29,24053.00,137.00,119.75,130.10,40,200,11200,520,15960,40,,,change,-4.26,23200.00,26OCT2017,PE,122.80,112.40,89.00,137.00 
Mon Oct  2 09:29:57 IST 2017,BANKNIFTY,OPTIDX,26OCT2017,PE,23300,29SEP2017,15:30:29,24053.00,156.80,23.05,165.70,80,80,11320,360,7040,40,,,change,-3.36,23300.00,26OCT2017,PE,142.45,116.30,99.60,156.80 
Mon Oct  2 09:29:57 IST 2017,BANKNIFTY,OPTIDX,26OCT2017,CE,23400,29SEP2017,15:30:29,24053.00,841.00,775.40,875.05,80,80,6280,280,80,40,,,change,20.15,23400.00,26OCT2017,CE,841.00,895.00,841.00,895.00 
Mon Oct  2 09:29:57 IST 2017,BANKNIFTY,OPTIDX,26OCT2017,PE,23400,29SEP2017,15:30:29,24053.00,155.80,154.05,159.90,40,40,9360,360,9320,40,,,change,-11.48,23400.00,26OCT2017,PE,156.40,151.00,116.05,165.35 
Mon Oct  2 09:29:57 IST 2017,BANKNIFTY,OPTIDX,26OCT2017,CE,23500,29SEP2017,15:30:29,24053.00,742.00,722.50,744.30,80,200,8000,2840,104840,40,,,change,4.52,23500.00,26OCT2017,CE,733.35,796.70,705.55,875.65 
Mon Oct  2 09:29:57 IST 2017,BANKNIFTY,OPTIDX,26OCT2017,PE,23500,29SEP2017,15:30:29,24053.00,180.05,180.00,181.25,8280,40,30240,7000,501160,40,,,change,-11.78,23500.00,26OCT2017,PE,181.35,167.25,133.55,197.15 
Mon Oct  2 09:29:57 IST 2017,BANKNIFTY,OPTIDX,26OCT2017,CE,23600,29SEP2017,15:30:29,24053.00,665.75,655.05,674.35,40,40,7240,240,1560,40,,,change,1.03,23600.00,26OCT2017,CE,645.00,764.65,643.75,766.00 
Mon Oct  2 09:29:57 IST 2017,BANKNIFTY,OPTIDX,26OCT2017,PE,23600,29SEP2017,15:30:29,24053.00,200.00,197.50,202.80,40,40,10560,360,7480,40,,,change,-11.11,23600.00,26OCT2017,PE,201.85,177.30,151.15,215.35 
Mon Oct  2 09:29:57 IST 2017,BANKNIFTY,OPTIDX,26OCT2017,CE,23700,29SEP2017,15:30:29,24053.00,590.00,474.55,634.25,40,80,19240,280,3000,40,,,change,3.48,23700.00,26OCT2017,CE,582.90,689.20,573.90,790.70 
Mon Oct  2 09:29:57 IST 2017,BANKNIFTY,OPTIDX,26OCT2017,PE,23700,29SEP2017,15:30:29,24053.00,226.00,214.30,232.40,40,40,12800,1360,9920,40,,,change,-12.79,23700.00,26OCT2017,PE,225.85,196.15,169.55,238.05 
Mon Oct  2 09:29:57 IST 2017,BANKNIFTY,OPTIDX,26OCT2017,CE,23800,29SEP2017,15:30:29,24053.00,518.00,421.25,615.00,40,80,7720,760,10000,40,,,change,0.81,23800.00,26OCT2017,CE,519.35,540.00,503.90,649.85 
Mon Oct  2 09:29:57 IST 2017,BANKNIFTY,OPTIDX,26OCT2017,PE,23800,29SEP2017,15:30:29,24053.00,255.90,252.80,259.45,80,40,13560,640,23200,40,,,change,-13.31,23800.00,26OCT2017,PE,255.30,225.10,190.00,272.85 
Mon Oct  2 09:29:57 IST 2017,BANKNIFTY,OPTIDX,26OCT2017,CE,23900,29SEP2017,15:30:29,24053.00,458.45,446.00,547.90,200,200,24200,760,4280,40,,,change,3.07,23900.00,26OCT2017,CE,453.60,525.05,430.85,561.05 
Mon Oct  2 09:29:57 IST 2017,BANKNIFTY,OPTIDX,26OCT2017,PE,23900,29SEP2017,15:30:29,24053.00,285.80,281.65,292.20,80,40,12400,520,12040,40,,,change,-8.92,23900.00,26OCT2017,PE,288.50,244.25,219.65,312.00 
Mon Oct  2 09:29:57 IST 2017,BANKNIFTY,OPTIDX,26OCT2017,CE,24000,29SEP2017,15:30:29,24053.00,386.75,387.35,394.80,120,1040,25760,8680,425360,40,,,change,-0.58,24000.00,26OCT2017,CE,393.50,441.05,375.00,503.60 
Mon Oct  2 09:29:57 IST 2017,BANKNIFTY,OPTIDX,26OCT2017,PE,24000,29SEP2017,15:30:29,24053.00,320.00,319.65,325.95,80,40,25720,3160,572640,40,,,change,-12.36,24000.00,26OCT2017,PE,327.75,317.70,248.55,353.55 
Mon Oct  2 09:29:57 IST 2017,BANKNIFTY,OPTIDX,26OCT2017,CE,24100,29SEP2017,15:30:29,24053.00,328.80,325.30,339.65,40,40,5560,1320,8520,40,,,change,-0.87,24100.00,26OCT2017,CE,339.25,359.55,317.40,435.00 
Mon Oct  2 09:29:57 IST 2017,BANKNIFTY,OPTIDX,26OCT2017,PE,24100,29SEP2017,15:30:29,24053.00,364.70,351.20,382.20,80,80,5640,840,13680,40,,,change,-25.57,24100.00,26OCT2017,PE,365.25,332.35,282.80,390.00 
Mon Oct  2 09:29:57 IST 2017,BANKNIFTY,OPTIDX,26OCT2017,CE,24200,29SEP2017,15:30:29,24053.00,277.30,275.55,283.45,120,40,14840,16840,27880,40,,,change,-1.88,24200.00,26OCT2017,CE,284.95,324.60,267.85,375.00 
Mon Oct  2 09:29:57 IST 2017,BANKNIFTY,OPTIDX,26OCT2017,PE,24200,29SEP2017,15:30:29,24053.00,408.45,392.00,416.50,80,40,14600,520,24440,40,,,change,-10.63,24200.00,26OCT2017,PE,410.85,345.35,314.55,440.45 
Mon Oct  2 09:29:57 IST 2017,BANKNIFTY,OPTIDX,26OCT2017,CE,24300,29SEP2017,15:30:29,24053.00,231.10,221.20,234.95,80,40,12280,2200,14240,40,,,change,-0.17,24300.00,26OCT2017,CE,233.90,257.20,220.85,318.45 
Mon Oct  2 09:29:57 IST 2017,BANKNIFTY,OPTIDX,26OCT2017,PE,24300,29SEP2017,15:30:29,24053.00,457.00,406.80,461.95,80,40,8480,400,16080,40,,,change,-10.77,24300.00,26OCT2017,PE,454.10,400.00,360.90,482.95 
Mon Oct  2 09:29:57 IST 2017,BANKNIFTY,OPTIDX,26OCT2017,CE,24400,29SEP2017,15:30:29,24053.00,190.00,174.95,195.90,40,40,8240,1960,17480,40,,,change,-1.73,24400.00,26OCT2017,CE,194.75,247.95,182.85,265.45 
Mon Oct  2 09:29:57 IST 2017,BANKNIFTY,OPTIDX,26OCT2017,PE,24400,29SEP2017,15:30:29,24053.00,507.50,488.00,534.30,80,80,10320,400,1840,40,,,change,-20.70,24400.00,26OCT2017,PE,516.90,448.90,408.00,537.20 
Mon Oct  2 09:29:57 IST 2017,BANKNIFTY,OPTIDX,26OCT2017,CE,24500,29SEP2017,15:30:29,24053.00,155.70,154.40,158.55,40,40,15080,15360,661640,40,,,change,0.87,24500.00,26OCT2017,CE,159.10,183.95,148.85,220.00 
Mon Oct  2 09:29:57 IST 2017,BANKNIFTY,OPTIDX,26OCT2017,PE,24500,29SEP2017,15:30:29,24053.00,570.00,557.70,570.00,40,80,412640,60080,1075520,40,,,change,-5.53,24500.00,26OCT2017,PE,572.30,513.00,441.00,607.05 
Mon Oct  2 09:29:57 IST 2017,BANKNIFTY,OPTIDX,26OCT2017,CE,24600,29SEP2017,15:30:29,24053.00,124.55,124.80,139.25,40,160,12080,1480,10200,40,,,change,-3.37,24600.00,26OCT2017,CE,127.00,145.95,120.00,177.55 
Mon Oct  2 09:29:57 IST 2017,BANKNIFTY,OPTIDX,26OCT2017,PE,24600,29SEP2017,15:30:29,24053.00,653.35,525.60,727.30,40,40,1280,400,3240,40,,,change,-9.26,24600.00,26OCT2017,PE,647.80,531.85,520.00,659.05 
Mon Oct  2 09:29:57 IST 2017,BANKNIFTY,OPTIDX,26OCT2017,CE,24700,29SEP2017,15:30:29,24053.00,99.25,94.20,102.30,240,40,10760,1520,14440,40,,,change,-0.55,24700.00,26OCT2017,CE,100.85,127.00,94.50,143.65 
Mon Oct  2 09:29:57 IST 2017,BANKNIFTY,OPTIDX,26OCT2017,PE,24700,29SEP2017,15:30:29,24053.00,715.40,704.60,867.60,40,80,1240,480,6200,40,,,change,-4.11,24700.00,26OCT2017,PE,703.15,659.70,587.45,715.40 
Mon Oct  2 09:29:57 IST 2017,BANKNIFTY,OPTIDX,26OCT2017,CE,24800,29SEP2017,15:30:29,24053.00,78.45,77.35,80.65,80,40,9800,1360,15840,40,,,change,-0.51,24800.00,26OCT2017,CE,79.45,93.50,74.40,116.05 
Mon Oct  2 09:29:57 IST 2017,BANKNIFTY,OPTIDX,26OCT2017,PE,24800,29SEP2017,15:30:29,24053.00,702.00,746.55,826.15,40,80,1360,440,2320,40,,,change,-22.00,24800.00,26OCT2017,PE,702.00,767.45,702.00,767.45 
Mon Oct  2 09:29:57 IST 2017,BANKNIFTY,OPTIDX,26OCT2017,CE,24900,29SEP2017,15:30:29,24053.00,69.25,61.00,77.30,160,160,9360,1280,5360,40,,,change,10.53,24900.00,26OCT2017,CE,63.45,75.40,60.00,91.40 
Mon Oct  2 09:29:57 IST 2017,BANKNIFTY,OPTIDX,26OCT2017,PE,24900,29SEP2017,15:30:29,24053.00,785.00,842.25,922.90,40,120,1320,440,5160,40,,,change,-10.54,24900.00,26OCT2017,PE,785.00,755.00,755.00,785.00 
Mon Oct  2 09:29:57 IST 2017,BANKNIFTY,OPTIDX,26OCT2017,CE,25000,29SEP2017,15:30:29,24053.00,49.00,49.20,50.45,40,40,30760,40920,583520,40,,,change,-1.31,25000.00,26OCT2017,CE,49.55,58.00,45.70,73.60 
Mon Oct  2 09:29:57 IST 2017,BANKNIFTY,OPTIDX,26OCT2017,PE,25000,29SEP2017,15:30:29,24053.00,957.60,937.20,974.85,40,40,3240,2080,291000,40,,,change,-1.02,25000.00,26OCT2017,PE,936.20,877.50,780.00,996.50 
Mon Oct  2 09:29:57 IST 2017,BANKNIFTY,OPTIDX,26OCT2017,CE,25100,29SEP2017,15:30:29,24053.00,38.00,37.20,39.65,40,40,12360,2920,8320,40,,,change,-2.56,25100.00,26OCT2017,CE,38.50,54.35,35.95,56.15 
Mon Oct  2 09:29:57 IST 2017,BANKNIFTY,OPTIDX,26OCT2017,PE,25100,29SEP2017,15:30:29,24053.00,1320.00,919.95,1111.90,40,40,1280,320,1000,40,,,change,-,25100.00,26OCT2017,PE,1320.00,-,-,- 
Mon Oct  2 09:29:57 IST 2017,BANKNIFTY,OPTIDX,26OCT2017,CE,25200,29SEP2017,15:30:29,24053.00,29.50,29.50,30.50,40,40,14760,4800,21720,40,,,change,16.60,25200.00,26OCT2017,CE,30.30,44.55,28.00,44.55 
Mon Oct  2 09:29:57 IST 2017,BANKNIFTY,OPTIDX,26OCT2017,PE,25200,29SEP2017,15:30:29,24053.00,1150.00,1097.50,1328.95,40,40,1280,360,3120,40,,,change,-,25200.00,26OCT2017,PE,1150.00,-,-,- 
Mon Oct  2 09:29:57 IST 2017,BANKNIFTY,OPTIDX,26OCT2017,CE,25300,29SEP2017,15:30:29,24053.00,21.80,21.70,22.90,80,40,23600,720,14440,40,,,change,-1.36,25300.00,26OCT2017,CE,22.65,30.00,20.70,34.45 
Mon Oct  2 09:29:57 IST 2017,BANKNIFTY,OPTIDX,26OCT2017,CE,25400,29SEP2017,15:30:29,24053.00,18.05,17.90,23.50,40,80,23240,3520,6000,40,,,change,8.08,25400.00,26OCT2017,CE,17.60,20.00,15.65,25.65 
Mon Oct  2 09:29:57 IST 2017,BANKNIFTY,OPTIDX,26OCT2017,CE,25500,29SEP2017,15:30:29,24053.00,12.00,12.00,12.25,40,80,129760,23080,625440,40,,,change,4.35,25500.00,26OCT2017,CE,11.40,18.95,10.00,19.00 
Mon Oct  2 09:29:57 IST 2017,BANKNIFTY,OPTIDX,26OCT2017,PE,25500,29SEP2017,15:30:29,24053.00,1402.90,1393.20,1419.60,200,40,5200,2560,615160,40,,,change,-0.83,25500.00,26OCT2017,PE,1398.10,1319.05,1228.95,1448.90 
Mon Oct  2 09:29:57 IST 2017,BANKNIFTY,OPTIDX,30NOV2017,PE,22500,29SEP2017,15:30:29,24053.00,120.00,115.10,140.00,80,80,3000,280,80,40,,,change,5.59,22500.00,30NOV2017,PE,120.00,120.00,120.00,120.00 
Mon Oct  2 09:29:57 IST 2017,BANKNIFTY,OPTIDX,30NOV2017,PE,22600,29SEP2017,15:30:29,24053.00,110.00,115.00,160.00,40,40,1240,120,7760,40,,,change,-22.89,22600.00,30NOV2017,PE,110.00,110.00,110.00,110.00 
Mon Oct  2 09:29:57 IST 2017,BANKNIFTY,OPTIDX,30NOV2017,PE,23000,29SEP2017,15:30:29,24053.00,197.70,188.15,220.00,40,80,1400,200,32680,40,,,change,-15.42,23000.00,30NOV2017,PE,195.30,225.00,170.00,225.00 
Mon Oct  2 09:29:57 IST 2017,BANKNIFTY,OPTIDX,30NOV2017,PE,23500,29SEP2017,15:30:29,24053.00,315.00,281.40,324.90,40,80,2200,160,4080,40,,,change,-3.29,23500.00,30NOV2017,PE,302.00,286.00,270.00,315.00 
Mon Oct  2 09:29:57 IST 2017,BANKNIFTY,OPTIDX,30NOV2017,CE,24000,29SEP2017,15:30:29,24053.00,600.00,575.00,-,40,-,1200,-,5600,40,,,change,2.02,24000.00,30NOV2017,CE,600.00,680.00,600.00,680.00 
Mon Oct  2 09:29:57 IST 2017,BANKNIFTY,OPTIDX,30NOV2017,PE,24000,29SEP2017,15:30:29,24053.00,474.00,458.05,492.95,40,40,6120,720,5040,40,,,change,3.04,24000.00,30NOV2017,PE,466.50,425.00,415.00,480.00 
Mon Oct  2 09:29:57 IST 2017,BANKNIFTY,OPTIDX,30NOV2017,CE,24500,29SEP2017,15:30:29,24053.00,363.00,356.80,359.90,40,80,1640,200,10200,40,,,change,5.22,24500.00,30NOV2017,CE,361.95,400.50,348.35,425.05 
Mon Oct  2 09:29:57 IST 2017,BANKNIFTY,OPTIDX,30NOV2017,PE,24500,29SEP2017,15:30:29,24053.00,670.00,658.35,900.30,40,40,2360,480,400,40,,,change,7.94,24500.00,30NOV2017,PE,670.00,650.00,596.00,670.00 
Mon Oct  2 09:29:57 IST 2017,BANKNIFTY,OPTIDX,30NOV2017,CE,25000,29SEP2017,15:30:29,24053.00,188.00,188.00,194.70,40,80,1640,640,24840,40,,,change,14.67,25000.00,30NOV2017,CE,188.05,170.00,170.00,230.30 
Mon Oct  2 09:29:57 IST 2017,BANKNIFTY,OPTIDX,30NOV2017,CE,25500,29SEP2017,15:30:29,24053.00,94.50,85.10,95.00,40,40,1560,160,720,40,,,change,26.00,25500.00,30NOV2017,CE,92.25,101.00,90.00,103.00 
Mon Oct  2 09:29:57 IST 2017,NIFTY,OPTIDX,26OCT2017,CE,8200,29SEP2017,15:30:29,9788.60,1579.00,1573.75,1579.00,75,75,6525,7425,2758875,75,,,change,0.66,8200.00,26OCT2017,CE,1585.20,1594.90,1571.00,1662.85 
Mon Oct  2 09:29:57 IST 2017,NIFTY,OPTIDX,26OCT2017,PE,8200,29SEP2017,15:30:29,9788.60,1.35,1.35,1.40,150,7575,142425,36375,493725,75,,,change,8.00,8200.00,26OCT2017,PE,1.35,0.20,0.20,1.50 
Mon Oct  2 09:29:57 IST 2017,NIFTY,OPTIDX,26OCT2017,CE,8300,29SEP2017,15:30:29,9788.60,1536.00,1460.00,1505.00,75,75,2850,3150,311925,75,,,change,4.32,8300.00,26OCT2017,CE,1536.00,1525.00,1509.80,1536.00 
Mon Oct  2 09:29:57 IST 2017,NIFTY,OPTIDX,26OCT2017,PE,8300,29SEP2017,15:30:29,9788.60,1.70,1.50,1.70,1500,150,59475,13275,15975,75,,,change,3.03,8300.00,26OCT2017,PE,1.65,1.70,1.10,1.70 
Mon Oct  2 09:29:57 IST 2017,NIFTY,OPTIDX,26OCT2017,CE,8400,29SEP2017,15:30:29,9788.60,1410.85,1375.15,1388.80,75,75,3300,3300,661875,75,,,change,1.81,8400.00,26OCT2017,CE,1410.85,1425.00,1400.60,1449.35 
Mon Oct  2 09:29:57 IST 2017,NIFTY,OPTIDX,26OCT2017,PE,8400,29SEP2017,15:30:29,9788.60,2.00,1.95,2.00,600,6450,76275,20175,160200,75,,,change,-2.44,8400.00,26OCT2017,PE,2.00,1.95,1.50,2.10 
Mon Oct  2 09:29:57 IST 2017,NIFTY,OPTIDX,26OCT2017,CE,8500,29SEP2017,15:30:29,9788.60,1278.20,1278.15,1283.00,75,300,6600,8475,1382325,75,,,change,0.51,8500.00,26OCT2017,CE,1281.85,1310.20,1278.20,1367.00 
Mon Oct  2 09:29:57 IST 2017,NIFTY,OPTIDX,26OCT2017,PE,8500,29SEP2017,15:30:29,9788.60,2.00,2.00,2.10,150,3750,130800,76875,524925,75,,,change,8.11,8500.00,26OCT2017,PE,2.00,1.80,1.50,2.15 
Mon Oct  2 09:29:57 IST 2017,NIFTY,OPTIDX,26OCT2017,CE,8600,29SEP2017,15:30:29,9788.60,1216.80,1179.60,1186.90,75,75,6225,7950,448800,75,,,change,2.84,8600.00,26OCT2017,CE,1216.80,1225.25,1216.80,1253.55 
Mon Oct  2 09:29:57 IST 2017,NIFTY,OPTIDX,26OCT2017,PE,8600,29SEP2017,15:30:29,9788.60,2.70,2.50,2.70,1500,750,59925,9750,95475,75,,,change,-3.57,8600.00,26OCT2017,PE,2.70,2.60,2.05,3.50 
Mon Oct  2 09:29:57 IST 2017,NIFTY,OPTIDX,26OCT2017,CE,8700,29SEP2017,15:30:29,9788.60,1089.05,1080.45,1090.25,75,150,6075,8025,259350,75,,,change,1.99,8700.00,26OCT2017,CE,1088.35,1112.00,1087.35,1165.25 
Mon Oct  2 09:29:57 IST 2017,NIFTY,OPTIDX,26OCT2017,PE,8700,29SEP2017,15:30:29,9788.60,3.65,3.60,3.70,75,75,45450,5700,126525,75,,,change,19.67,8700.00,26OCT2017,PE,3.35,2.80,2.50,3.75 
Mon Oct  2 09:29:57 IST 2017,NIFTY,OPTIDX,26OCT2017,CE,8800,29SEP2017,15:30:29,9788.60,1012.80,982.75,992.15,75,150,6300,8025,188475,75,,,change,3.87,8800.00,26OCT2017,CE,1012.80,1023.00,1006.85,1066.40 
Mon Oct  2 09:29:57 IST 2017,NIFTY,OPTIDX,26OCT2017,PE,8800,29SEP2017,15:30:29,9788.60,4.75,4.60,4.95,75,3600,13875,29325,385125,75,,,change,-5.94,8800.00,26OCT2017,PE,4.50,3.80,3.30,5.10 
Mon Oct  2 09:29:57 IST 2017,NIFTY,OPTIDX,26OCT2017,CE,8900,29SEP2017,15:30:29,9788.60,890.05,882.40,896.50,150,75,6000,7800,54375,75,,,change,-0.12,8900.00,26OCT2017,CE,890.05,921.50,890.05,961.75 
Mon Oct  2 09:29:57 IST 2017,NIFTY,OPTIDX,26OCT2017,PE,8900,29SEP2017,15:30:29,9788.60,6.15,5.15,6.90,1050,3000,10425,14100,316200,75,,,change,2.50,8900.00,26OCT2017,PE,5.50,5.60,4.00,6.15 
Mon Oct  2 09:29:57 IST 2017,NIFTY,OPTIDX,26OCT2017,CE,9000,29SEP2017,15:30:29,9788.60,794.50,788.35,795.75,75,150,12150,17925,912675,75,,,change,1.77,9000.00,26OCT2017,CE,794.80,808.80,785.70,874.00 
Mon Oct  2 09:29:57 IST 2017,NIFTY,OPTIDX,26OCT2017,PE,9000,29SEP2017,15:30:29,9788.60,7.50,7.50,7.95,5175,1125,89400,43200,1469250,75,,,change,-13.79,9000.00,26OCT2017,PE,7.10,9.85,5.20,9.85 
Mon Oct  2 09:29:57 IST 2017,NIFTY,OPTIDX,26OCT2017,CE,9100,29SEP2017,15:30:29,9788.60,694.00,694.00,696.70,150,75,16350,17775,107400,75,,,change,1.26,9100.00,26OCT2017,CE,695.95,720.00,694.00,772.90 
Mon Oct  2 09:29:57 IST 2017,NIFTY,OPTIDX,26OCT2017,PE,9100,29SEP2017,15:30:29,9788.60,9.30,9.00,9.50,75,1350,42225,58125,426525,75,,,change,-22.50,9100.00,26OCT2017,PE,9.00,9.85,6.70,10.25 
Mon Oct  2 09:29:57 IST 2017,NIFTY,OPTIDX,26OCT2017,CE,9200,29SEP2017,15:30:29,9788.60,598.10,594.70,600.80,150,75,17925,20550,293625,75,,,change,0.83,9200.00,26OCT2017,CE,599.45,611.80,593.25,678.30 
Mon Oct  2 09:29:57 IST 2017,NIFTY,OPTIDX,26OCT2017,PE,9200,29SEP2017,15:30:29,9788.60,13.05,13.05,13.50,1200,4800,97125,56550,1008000,75,,,change,-19.44,9200.00,26OCT2017,PE,12.95,12.55,9.25,14.00 
Mon Oct  2 09:29:57 IST 2017,NIFTY,OPTIDX,26OCT2017,CE,9300,29SEP2017,15:30:29,9788.60,505.55,501.00,506.75,75,75,20775,23325,153750,75,,,change,1.39,9300.00,26OCT2017,CE,507.80,529.40,500.00,582.75 
Mon Oct  2 09:29:57 IST 2017,NIFTY,OPTIDX,26OCT2017,PE,9300,29SEP2017,15:30:29,9788.60,19.00,18.75,19.45,225,750,163275,50850,1132800,75,,,change,-17.03,9300.00,26OCT2017,PE,18.65,19.15,13.25,20.05 
Mon Oct  2 09:29:57 IST 2017,NIFTY,OPTIDX,26OCT2017,CE,9400,29SEP2017,15:30:29,9788.60,411.65,410.30,416.65,75,75,30300,22275,183675,75,,,change,1.12,9400.00,26OCT2017,CE,422.10,466.45,410.00,489.65 
Mon Oct  2 09:29:57 IST 2017,NIFTY,OPTIDX,26OCT2017,PE,9400,29SEP2017,15:30:29,9788.60,27.50,27.95,28.00,75,1650,177000,79650,1508850,75,,,change,-18.28,9400.00,26OCT2017,PE,27.45,27.45,19.25,29.00 
Mon Oct  2 09:29:57 IST 2017,NIFTY,OPTIDX,26OCT2017,CE,9500,29SEP2017,15:30:29,9788.60,325.00,325.20,329.55,75,75,37950,30750,664650,75,,,change,-2.50,9500.00,26OCT2017,CE,330.10,349.55,323.45,401.90 
Mon Oct  2 09:29:57 IST 2017,NIFTY,OPTIDX,26OCT2017,PE,9500,29SEP2017,15:30:29,9788.60,40.45,40.45,40.90,75,450,150825,75150,2871525,75,,,change,-16.60,9500.00,26OCT2017,PE,40.15,40.85,28.20,42.60 
Mon Oct  2 09:29:57 IST 2017,NIFTY,OPTIDX,26OCT2017,CE,9600,29SEP2017,15:30:29,9788.60,248.15,245.05,249.00,750,75,87075,34650,517725,75,,,change,-0.80,9600.00,26OCT2017,CE,251.40,269.65,243.25,314.45 
Mon Oct  2 09:29:57 IST 2017,NIFTY,OPTIDX,26OCT2017,PE,9600,29SEP2017,15:30:29,9788.60,59.45,59.15,59.45,75,5775,182250,106575,2738625,75,,,change,-13.02,9600.00,26OCT2017,PE,58.90,59.25,41.20,62.15 
Mon Oct  2 09:29:57 IST 2017,NIFTY,OPTIDX,26OCT2017,CE,9700,29SEP2017,15:30:29,9788.60,175.60,176.00,176.40,75,525,120975,59850,1310175,75,,,change,-4.51,9700.00,26OCT2017,CE,178.40,190.85,171.55,234.65 
Mon Oct  2 09:29:57 IST 2017,NIFTY,OPTIDX,26OCT2017,PE,9700,29SEP2017,15:30:29,9788.60,85.50,85.30,86.55,75,225,207750,113925,3522975,75,,,change,-11.21,9700.00,26OCT2017,PE,84.80,88.15,60.15,89.45 
Mon Oct  2 09:29:57 IST 2017,NIFTY,OPTIDX,26OCT2017,CE,9800,29SEP2017,15:30:29,9788.60,114.25,114.20,116.25,75,300,226875,178350,2213550,75,,,change,-7.49,9800.00,26OCT2017,CE,118.40,140.00,111.25,164.25 
Mon Oct  2 09:29:57 IST 2017,NIFTY,OPTIDX,26OCT2017,PE,9800,29SEP2017,15:30:29,9788.60,123.00,122.10,123.00,150,1275,205875,88875,2778825,75,,,change,-8.72,9800.00,26OCT2017,PE,120.50,116.15,87.60,126.45 
Mon Oct  2 09:29:57 IST 2017,NIFTY,OPTIDX,26OCT2017,CE,9900,29SEP2017,15:30:29,9788.60,67.65,67.65,68.60,225,375,633150,279825,3381075,75,,,change,-11.68,9900.00,26OCT2017,CE,70.25,85.25,65.15,103.40 
Mon Oct  2 09:29:57 IST 2017,NIFTY,OPTIDX,26OCT2017,PE,9900,29SEP2017,15:30:29,9788.60,173.00,172.80,174.20,75,75,460650,67950,1701525,75,,,change,-6.94,9900.00,26OCT2017,PE,169.30,162.55,124.35,177.20 
Mon Oct  2 09:29:57 IST 2017,NIFTY,OPTIDX,26OCT2017,CE,10000,29SEP2017,15:30:29,9788.60,36.05,36.00,36.60,3225,300,189375,414150,4837800,75,,,change,-18.53,10000.00,26OCT2017,CE,37.65,47.65,34.50,58.60 
Mon Oct  2 09:29:57 IST 2017,NIFTY,OPTIDX,26OCT2017,PE,10000,29SEP2017,15:30:29,9788.60,240.95,238.00,241.60,150,75,103875,51000,1861275,75,,,change,-4.80,10000.00,26OCT2017,PE,235.50,225.00,178.55,245.00 
Mon Oct  2 09:29:57 IST 2017,NIFTY,OPTIDX,26OCT2017,CE,10100,29SEP2017,15:30:29,9788.60,18.80,18.50,18.60,2475,75,187275,160800,2592900,75,,,change,-23.27,10100.00,26OCT2017,CE,19.10,27.00,17.50,30.30 
Mon Oct  2 09:29:57 IST 2017,NIFTY,OPTIDX,26OCT2017,PE,10100,29SEP2017,15:30:29,9788.60,319.05,316.95,321.25,150,75,67875,29475,599175,75,,,change,-2.67,10100.00,26OCT2017,PE,311.05,300.00,245.65,324.00 
Mon Oct  2 09:29:57 IST 2017,NIFTY,OPTIDX,26OCT2017,CE,10200,29SEP2017,15:30:29,9788.60,9.90,9.85,10.25,75,1800,150300,265050,2548200,75,,,change,-28.00,10200.00,26OCT2017,CE,10.15,20.70,9.30,20.70 
Mon Oct  2 09:29:57 IST 2017,NIFTY,OPTIDX,26OCT2017,PE,10200,29SEP2017,15:30:29,9788.60,407.00,404.30,411.00,75,75,35475,23775,876225,75,,,change,-1.89,10200.00,26OCT2017,PE,400.35,389.90,328.70,412.05 
Mon Oct  2 09:29:57 IST 2017,NIFTY,OPTIDX,26OCT2017,CE,10300,29SEP2017,15:30:29,9788.60,5.80,5.55,5.70,75,750,171675,158325,1955100,75,,,change,-25.16,10300.00,26OCT2017,CE,5.75,9.20,5.35,9.20 
Mon Oct  2 09:29:57 IST 2017,NIFTY,OPTIDX,26OCT2017,PE,10300,29SEP2017,15:30:29,9788.60,503.00,502.00,509.85,75,75,28575,20025,504975,75,,,change,-1.20,10300.00,26OCT2017,PE,489.15,477.00,423.00,505.00 
Mon Oct  2 09:29:57 IST 2017,NIFTY,OPTIDX,26OCT2017,CE,10400,29SEP2017,15:30:29,9788.60,3.35,3.25,3.55,2325,150,173700,95100,1226250,75,,,change,-27.96,10400.00,26OCT2017,CE,3.45,5.30,3.15,5.80 
Mon Oct  2 09:29:57 IST 2017,NIFTY,OPTIDX,26OCT2017,PE,10400,29SEP2017,15:30:29,9788.60,596.85,595.80,601.70,75,75,20250,18225,357225,75,,,change,-1.79,10400.00,26OCT2017,PE,595.85,565.00,516.95,602.55 
Mon Oct  2 09:29:57 IST 2017,NIFTY,OPTIDX,26OCT2017,CE,10500,29SEP2017,15:30:29,9788.60,2.50,2.40,2.60,12600,2850,148800,167700,2022225,75,,,change,-21.88,10500.00,26OCT2017,CE,2.50,3.75,2.35,3.75 
Mon Oct  2 09:29:57 IST 2017,NIFTY,OPTIDX,26OCT2017,PE,10500,29SEP2017,15:30:29,9788.60,698.00,692.95,699.05,75,75,17625,17025,845625,75,,,change,0.07,10500.00,26OCT2017,PE,690.30,670.90,614.95,701.25 
Mon Oct  2 09:29:57 IST 2017,NIFTY,OPTIDX,26OCT2017,CE,10600,29SEP2017,15:30:29,9788.60,1.95,1.85,1.95,7350,2475,89850,86550,603150,75,,,change,-17.02,10600.00,26OCT2017,CE,1.80,2.45,1.70,2.45 
Mon Oct  2 09:29:57 IST 2017,NIFTY,OPTIDX,26OCT2017,PE,10600,29SEP2017,15:30:29,9788.60,800.00,784.70,814.20,1500,1500,11850,4575,4575,75,,,change,0.28,10600.00,26OCT2017,PE,800.00,740.00,717.25,800.00 
Mon Oct  2 09:29:57 IST 2017,NIFTY,OPTIDX,26OCT2017,CE,10700,29SEP2017,15:30:29,9788.60,1.30,1.20,1.30,75,750,73800,53400,305250,75,,,change,-7.14,10700.00,26OCT2017,CE,1.25,1.15,1.10,1.50 
Mon Oct  2 09:29:57 IST 2017,NIFTY,OPTIDX,26OCT2017,PE,10700,29SEP2017,15:30:29,9788.60,866.80,883.50,913.75,1500,1500,11850,4575,11775,75,,,change,-5.45,10700.00,26OCT2017,PE,866.80,816.05,816.05,866.80 
Mon Oct  2 09:29:57 IST 2017,NIFTY,OPTIDX,26OCT2017,CE,10800,29SEP2017,15:30:29,9788.60,0.85,0.85,0.90,15300,23250,186225,91200,290550,75,,,change,-5.56,10800.00,26OCT2017,CE,0.90,0.70,0.70,1.00 
Mon Oct  2 09:29:57 IST 2017,NIFTY,OPTIDX,26OCT2017,PE,10800,29SEP2017,15:30:29,9788.60,984.45,980.35,1012.45,1500,1500,11775,4575,2100,75,,,change,-0.36,10800.00,26OCT2017,PE,981.90,948.00,922.00,984.45 
Mon Oct  2 09:29:57 IST 2017,NIFTY,OPTIDX,26OCT2017,CE,10900,29SEP2017,15:30:29,9788.60,0.75,0.80,0.90,1800,7500,28725,17775,28425,75,,,change,-,10900.00,26OCT2017,CE,0.75,-,-,- 
Mon Oct  2 09:29:57 IST 2017,NIFTY,OPTIDX,26OCT2017,PE,10900,29SEP2017,15:30:29,9788.60,1080.10,1080.35,1112.45,1500,1500,10500,4575,975,75,,,change,-,10900.00,26OCT2017,PE,1080.10,-,-,- 
Mon Oct  2 09:29:57 IST 2017,NIFTY,OPTIDX,26OCT2017,CE,11000,29SEP2017,15:30:29,9788.60,0.80,0.80,0.85,5925,53175,255450,149325,1212000,75,,,change,-,11000.00,26OCT2017,CE,0.85,1.00,0.70,1.00 
Mon Oct  2 09:29:57 IST 2017,NIFTY,OPTIDX,26OCT2017,PE,11000,29SEP2017,15:30:29,9788.60,1189.25,1187.65,1193.75,225,75,14925,6075,1607850,75,,,change,-0.88,11000.00,26OCT2017,PE,1188.15,1170.00,1105.70,1193.60 
Mon Oct  2 09:29:57 IST 2017,NIFTY,OPTIDX,26OCT2017,CE,11100,29SEP2017,15:30:29,9788.60,0.80,0.80,0.90,825,7425,24675,31575,3075,75,,,change,60.00,11100.00,26OCT2017,CE,0.80,1.00,0.80,1.00 
Mon Oct  2 09:29:57 IST 2017,NIFTY,OPTIDX,26OCT2017,PE,11100,29SEP2017,15:30:29,9788.60,1288.00,1276.45,1312.45,1500,1500,11475,7275,3525,75,,,change,0.63,11100.00,26OCT2017,PE,1288.25,1290.00,1285.60,1290.00 
Mon Oct  2 09:29:57 IST 2017,NIFTY,OPTIDX,26OCT2017,CE,11200,29SEP2017,15:30:29,9788.60,0.90,0.70,0.90,1500,6675,27225,29400,13050,75,,,change,-10.00,11200.00,26OCT2017,CE,0.90,0.45,0.45,1.00 
Mon Oct  2 09:29:57 IST 2017,NIFTY,OPTIDX,26OCT2017,PE,11200,29SEP2017,15:30:29,9788.60,1340.00,1375.80,1398.55,6750,600,18225,7875,1725,75,,,change,-3.39,11200.00,26OCT2017,PE,1340.00,1340.00,1340.00,1340.00 
Mon Oct  2 09:29:57 IST 2017,NIFTY,OPTIDX,30NOV2017,CE,8700,29SEP2017,15:30:29,9788.60,1055.35,1087.85,1151.20,900,900,3300,2100,525,75,,,change,-,8700.00,30NOV2017,CE,1055.35,-,-,- 
Mon Oct  2 09:29:57 IST 2017,NIFTY,OPTIDX,30NOV2017,PE,8700,29SEP2017,15:30:29,9788.60,5.55,8.85,-,15000,-,20850,-,525,75,,,change,-,8700.00,30NOV2017,PE,5.55,-,-,- 
Mon Oct  2 09:29:57 IST 2017,NIFTY,OPTIDX,30NOV2017,CE,8900,29SEP2017,15:30:29,9788.60,1003.00,904.65,954.30,6750,6750,15750,13500,7650,75,,,change,13.98,8900.00,30NOV2017,CE,1003.00,957.00,957.00,1003.00 
Mon Oct  2 09:29:57 IST 2017,NIFTY,OPTIDX,30NOV2017,PE,8900,29SEP2017,15:30:29,9788.60,18.00,16.85,19.40,3000,3000,17625,4800,8475,75,,,change,-25.00,8900.00,30NOV2017,PE,17.25,16.40,15.00,18.00 
Mon Oct  2 09:29:57 IST 2017,NIFTY,OPTIDX,30NOV2017,CE,9000,29SEP2017,15:30:29,9788.60,858.00,820.85,864.75,3150,6750,12150,13500,10500,75,,,change,4.00,9000.00,30NOV2017,CE,858.00,880.00,858.00,893.00 
Mon Oct  2 09:29:57 IST 2017,NIFTY,OPTIDX,30NOV2017,PE,9000,29SEP2017,15:30:29,9788.60,24.00,22.85,24.75,3000,1350,44625,11175,193050,75,,,change,-8.40,9000.00,30NOV2017,PE,23.40,27.70,18.65,27.70 
Mon Oct  2 09:29:57 IST 2017,NIFTY,OPTIDX,30NOV2017,CE,9100,29SEP2017,15:30:29,9788.60,795.00,726.35,772.50,6750,6750,15750,13500,225,75,,,change,10.42,9100.00,30NOV2017,CE,795.00,795.00,795.00,795.00 
Mon Oct  2 09:29:57 IST 2017,NIFTY,OPTIDX,30NOV2017,PE,9100,29SEP2017,15:30:29,9788.60,29.70,29.55,31.25,150,225,7275,9000,57525,75,,,change,-12.26,9100.00,30NOV2017,PE,29.20,33.00,23.60,33.00 
Mon Oct  2 09:29:57 IST 2017,NIFTY,OPTIDX,30NOV2017,CE,9200,29SEP2017,15:30:29,9788.60,690.00,638.80,663.95,4200,75,12000,6675,4050,75,,,change,7.81,9200.00,30NOV2017,CE,690.00,693.00,690.00,693.00 
Mon Oct  2 09:29:57 IST 2017,NIFTY,OPTIDX,30NOV2017,PE,9200,29SEP2017,15:30:29,9788.60,39.25,36.70,39.80,150,225,22275,8175,403125,75,,,change,-10.49,9200.00,30NOV2017,PE,38.40,38.05,29.80,40.20 
Mon Oct  2 09:29:57 IST 2017,NIFTY,OPTIDX,30NOV2017,CE,9300,29SEP2017,15:30:29,9788.60,563.90,541.85,586.85,900,225,5100,4425,4200,75,,,change,-0.19,9300.00,30NOV2017,CE,568.00,587.20,563.90,625.00 
Mon Oct  2 09:29:57 IST 2017,NIFTY,OPTIDX,30NOV2017,PE,9300,29SEP2017,15:30:29,9788.60,52.95,46.30,53.20,75,75,17400,8250,538725,75,,,change,-6.03,9300.00,30NOV2017,PE,49.00,47.45,38.20,52.95 
Mon Oct  2 09:29:57 IST 2017,NIFTY,OPTIDX,30NOV2017,CE,9400,29SEP2017,15:30:29,9788.60,498.90,467.30,496.05,150,225,5550,4650,6450,75,,,change,4.76,9400.00,30NOV2017,CE,498.90,511.70,498.90,546.00 
Mon Oct  2 09:29:57 IST 2017,NIFTY,OPTIDX,30NOV2017,PE,9400,29SEP2017,15:30:29,9788.60,64.70,60.30,67.45,75,75,22575,6225,599850,75,,,change,-10.70,9400.00,30NOV2017,PE,63.50,62.00,49.60,65.00 
Mon Oct  2 09:29:57 IST 2017,NIFTY,OPTIDX,30NOV2017,CE,9500,29SEP2017,15:30:29,9788.60,402.10,393.25,407.35,225,150,8550,4650,50250,75,,,change,-0.09,9500.00,30NOV2017,CE,400.65,427.15,395.05,465.40 
Mon Oct  2 09:29:57 IST 2017,NIFTY,OPTIDX,30NOV2017,PE,9500,29SEP2017,15:30:29,9788.60,82.40,80.30,84.80,75,75,42675,13200,756750,75,,,change,-7.31,9500.00,30NOV2017,PE,81.10,81.05,64.00,84.20 
Mon Oct  2 09:29:57 IST 2017,NIFTY,OPTIDX,30NOV2017,CE,9600,29SEP2017,15:30:29,9788.60,330.00,314.65,334.45,225,150,8775,4725,13725,75,,,change,2.17,9600.00,30NOV2017,CE,330.00,347.00,330.00,375.40 
Mon Oct  2 09:29:57 IST 2017,NIFTY,OPTIDX,30NOV2017,PE,9600,29SEP2017,15:30:29,9788.60,108.00,103.05,108.55,225,75,28725,12750,553650,75,,,change,-3.79,9600.00,30NOV2017,PE,105.45,100.25,82.60,108.50 
Mon Oct  2 09:29:57 IST 2017,NIFTY,OPTIDX,30NOV2017,CE,9700,29SEP2017,15:30:29,9788.60,258.55,252.00,262.35,75,750,12300,6675,77925,75,,,change,0.45,9700.00,30NOV2017,CE,255.90,277.40,254.00,308.65 
Mon Oct  2 09:29:57 IST 2017,NIFTY,OPTIDX,30NOV2017,PE,9700,29SEP2017,15:30:29,9788.60,135.50,131.05,136.85,150,225,24075,10875,413550,75,,,change,-4.91,9700.00,30NOV2017,PE,133.60,133.20,106.20,136.55 
Mon Oct  2 09:29:57 IST 2017,NIFTY,OPTIDX,30NOV2017,CE,9800,29SEP2017,15:30:29,9788.60,196.95,188.90,197.25,375,75,15750,6525,186675,75,,,change,-2.09,9800.00,30NOV2017,CE,198.85,210.75,191.00,245.00 
Mon Oct  2 09:29:57 IST 2017,NIFTY,OPTIDX,30NOV2017,PE,9800,29SEP2017,15:30:29,9788.60,171.50,171.50,173.60,2025,375,32550,8175,354300,75,,,change,-6.84,9800.00,30NOV2017,PE,168.30,168.90,135.00,172.90 
Mon Oct  2 09:29:57 IST 2017,NIFTY,OPTIDX,30NOV2017,CE,9900,29SEP2017,15:30:29,9788.60,145.50,129.00,148.00,75,75,14550,9975,216300,75,,,change,-1.92,9900.00,30NOV2017,CE,147.20,159.35,141.60,182.95 
Mon Oct  2 09:29:57 IST 2017,NIFTY,OPTIDX,30NOV2017,PE,9900,29SEP2017,15:30:29,9788.60,224.50,214.20,223.00,4950,225,21525,7650,177150,75,,,change,-0.62,9900.00,30NOV2017,PE,214.70,203.75,175.25,224.50 
Mon Oct  2 09:29:57 IST 2017,NIFTY,OPTIDX,30NOV2017,CE,10000,29SEP2017,15:30:29,9788.60,102.10,100.60,102.30,375,750,19725,20025,370950,75,,,change,-6.42,10000.00,30NOV2017,CE,103.70,114.50,101.70,133.00 
Mon Oct  2 09:29:57 IST 2017,NIFTY,OPTIDX,30NOV2017,PE,10000,29SEP2017,15:30:29,9788.60,273.20,273.20,284.75,825,225,15150,6075,83400,75,,,change,-1.80,10000.00,30NOV2017,PE,269.10,271.20,222.70,275.55 
Mon Oct  2 09:29:57 IST 2017,NIFTY,OPTIDX,30NOV2017,CE,10100,29SEP2017,15:30:29,9788.60,70.30,69.60,70.65,75,750,15375,10200,337875,75,,,change,-9.76,10100.00,30NOV2017,CE,71.55,80.05,68.50,92.40 
Mon Oct  2 09:29:57 IST 2017,NIFTY,OPTIDX,30NOV2017,PE,10100,29SEP2017,15:30:29,9788.60,336.80,330.35,347.75,225,450,13875,6150,43725,75,,,change,-1.07,10100.00,30NOV2017,PE,334.20,313.00,282.00,344.25 
Mon Oct  2 09:29:57 IST 2017,NIFTY,OPTIDX,30NOV2017,CE,10200,29SEP2017,15:30:29,9788.60,46.25,46.20,46.25,3300,3150,12150,32175,356625,75,,,change,-7.50,10200.00,30NOV2017,CE,46.40,54.00,44.40,61.65 
Mon Oct  2 09:29:57 IST 2017,NIFTY,OPTIDX,30NOV2017,PE,10200,29SEP2017,15:30:29,9788.60,411.00,406.65,429.70,375,225,11400,5325,30300,75,,,change,-4.10,10200.00,30NOV2017,PE,405.95,380.00,352.05,411.75 
Mon Oct  2 09:29:57 IST 2017,NIFTY,OPTIDX,30NOV2017,CE,10300,29SEP2017,15:30:29,9788.60,30.95,30.50,31.70,375,225,10350,7875,234375,75,,,change,-7.06,10300.00,30NOV2017,CE,30.60,35.95,29.05,39.95 
Mon Oct  2 09:29:57 IST 2017,NIFTY,OPTIDX,30NOV2017,PE,10300,29SEP2017,15:30:29,9788.60,480.60,482.10,517.15,900,150,8100,4200,4275,75,,,change,-7.45,10300.00,30NOV2017,PE,480.60,442.10,442.10,480.60 
Mon Oct  2 09:29:57 IST 2017,NIFTY,OPTIDX,30NOV2017,CE,10400,29SEP2017,15:30:29,9788.60,19.60,17.05,20.20,75,150,7200,9300,278175,75,,,change,-15.15,10400.00,30NOV2017,CE,19.45,23.85,17.85,25.30 
Mon Oct  2 09:29:57 IST 2017,NIFTY,OPTIDX,30NOV2017,PE,10400,29SEP2017,15:30:29,9788.60,594.45,562.65,607.85,900,900,8100,3900,150,75,,,change,-,10400.00,30NOV2017,PE,594.45,-,-,- 
Mon Oct  2 09:29:57 IST 2017,NIFTY,OPTIDX,30NOV2017,CE,10500,29SEP2017,15:30:29,9788.60,14.75,13.60,14.90,150,900,14775,15825,261150,75,,,change,-18.96,10500.00,30NOV2017,CE,14.45,17.95,13.70,17.95 
Mon Oct  2 09:29:57 IST 2017,NIFTY,OPTIDX,30NOV2017,PE,10500,29SEP2017,15:30:29,9788.60,660.00,664.20,696.00,900,6525,11925,13125,3075,75,,,change,-5.58,10500.00,30NOV2017,PE,660.00,605.00,595.00,660.00 
Mon Oct  2 09:29:57 IST 2017,NIFTY,OPTIDX,30NOV2017,CE,10600,29SEP2017,15:30:29,9788.60,9.50,7.30,10.85,75,750,5775,9375,80625,75,,,change,-31.65,10600.00,30NOV2017,CE,9.10,11.10,7.35,11.10 
Mon Oct  2 09:29:57 IST 2017,NIFTY,OPTIDX,30NOV2017,CE,10700,29SEP2017,15:30:29,9788.60,5.40,5.50,10.00,225,3000,9375,8625,38100,75,,,change,-23.94,10700.00,30NOV2017,CE,5.75,7.40,5.30,7.45 
Mon Oct  2 09:29:57 IST 2017,NIFTY,OPTIDX,30NOV2017,CE,10800,29SEP2017,15:30:29,9788.60,3.50,3.50,3.80,75,600,1875,21375,46500,75,,,change,-25.53,10800.00,30NOV2017,CE,3.45,5.00,3.30,5.00 
Mon Oct  2 09:29:57 IST 2017,NIFTY,OPTIDX,30NOV2017,CE,10900,29SEP2017,15:30:29,9788.60,3.50,2.25,6.00,150,75,4725,9975,1275,75,,,change,-30.00,10900.00,30NOV2017,CE,3.50,3.35,1.35,3.60 
Mon Oct  2 09:29:57 IST 2017,NIFTY,OPTIDX,30NOV2017,CE,11000,29SEP2017,15:30:29,9788.60,3.15,2.65,3.50,150,12000,6600,47100,83775,75,,,change,-28.41,11000.00,30NOV2017,CE,3.15,3.10,2.35,3.95 
Mon Oct  2 09:29:57 IST 2017,NIFTY,OPTIDX,30NOV2017,PE,11000,29SEP2017,15:30:29,9788.60,957.50,1142.00,1178.30,2475,6750,14475,13350,75,75,,,change,-,11000.00,30NOV2017,PE,957.50,-,-,- 
Mon Oct  2 18:40:23 IST 2017,BANKNIFTY,OPTIDX,26OCT2017,CE,22200,29SEP2017,15:30:29,24053.00,1856.00,1731.90,1887.65,1040,40,2120,1080,34280,40,,,change,1.73,22200.00,26OCT2017,CE,1856.00,2000.00,1856.00,2015.00 
Mon Oct  2 18:40:23 IST 2017,BANKNIFTY,OPTIDX,26OCT2017,PE,22200,29SEP2017,15:30:29,24053.00,28.50,29.00,30.00,40,1120,12240,6560,72120,40,,,change,-23.28,22200.00,26OCT2017,PE,29.00,28.50,19.40,35.00 
Mon Oct  2 18:40:23 IST 2017,BANKNIFTY,OPTIDX,26OCT2017,CE,22300,29SEP2017,15:30:29,24053.00,1760.00,1749.10,1789.45,40,40,2280,1560,65200,40,,,change,2.03,22300.00,26OCT2017,CE,1760.00,1880.00,1760.00,1880.00 
Mon Oct  2 18:40:23 IST 2017,BANKNIFTY,OPTIDX,26OCT2017,PE,22300,29SEP2017,15:30:29,24053.00,34.45,34.55,37.80,40,40,11120,1800,84720,40,,,change,-13.98,22300.00,26OCT2017,PE,34.65,33.95,23.50,37.95 
Mon Oct  2 18:40:23 IST 2017,BANKNIFTY,OPTIDX,26OCT2017,PE,22400,29SEP2017,15:30:29,24053.00,41.85,41.05,45.00,40,40,2480,280,9880,40,,,change,-15.63,22400.00,26OCT2017,PE,41.80,33.95,30.60,45.40 
Mon Oct  2 18:40:23 IST 2017,BANKNIFTY,OPTIDX,26OCT2017,CE,25600,29SEP2017,15:30:29,24053.00,10.50,10.60,12.00,160,1000,32680,6080,3080,40,,,change,44.83,25600.00,26OCT2017,CE,10.55,16.85,10.50,16.85 
Mon Oct  2 18:40:23 IST 2017,BANKNIFTY,OPTIDX,26OCT2017,PE,25600,29SEP2017,15:30:29,24053.00,1610.00,1377.35,1584.60,40,40,2080,1160,1000,40,,,change,-,25600.00,26OCT2017,PE,1610.00,-,-,- 
Mon Oct  2 18:40:23 IST 2017,BANKNIFTY,OPTIDX,26OCT2017,CE,25800,29SEP2017,15:30:29,24053.00,19.70,3.20,18.90,40,40,27240,7560,720,40,,,change,-,25800.00,26OCT2017,CE,19.70,-,-,- 
Mon Oct  2 18:40:23 IST 2017,BANKNIFTY,OPTIDX,30NOV2017,PE,22200,29SEP2017,15:30:29,24053.00,73.05,74.05,106.00,520,80,3120,200,640,40,,,change,-1.81,22200.00,30NOV2017,PE,74.75,80.00,73.05,100.00 
Mon Oct  2 18:40:23 IST 2017,NIFTY,OPTIDX,26OCT2017,CE,11300,29SEP2017,15:30:29,9788.60,0.70,0.70,0.75,150,225,35250,13950,1200,75,,,change,27.27,11300.00,26OCT2017,CE,0.70,0.70,0.70,0.70 
Mon Oct  2 18:40:23 IST 2017,NIFTY,OPTIDX,26OCT2017,PE,11300,29SEP2017,15:30:29,9788.60,1495.00,1473.55,1498.40,6750,225,18225,7500,4125,75,,,change,-,11300.00,26OCT2017,PE,1495.00,-,-,- 
Mon Oct  2 18:40:23 IST 2017,NIFTY,OPTIDX,26OCT2017,CE,11400,29SEP2017,15:30:29,9788.60,0.55,0.50,0.85,1500,225,26400,27675,2400,75,,,change,-26.67,11400.00,26OCT2017,CE,0.55,0.95,0.50,0.95 
Mon Oct  2 18:40:23 IST 2017,NIFTY,OPTIDX,26OCT2017,PE,11400,29SEP2017,15:30:29,9788.60,1563.90,1582.20,1598.90,1350,2325,12825,9600,16425,75,,,change,-3.46,11400.00,26OCT2017,PE,1563.90,1549.70,1549.70,1563.90 
Mon Oct  2 18:40:23 IST 2017,NIFTY,OPTIDX,26OCT2017,CE,11500,29SEP2017,15:30:29,9788.60,0.80,0.75,0.80,14475,525,140700,45900,204075,75,,,change,33.33,11500.00,26OCT2017,CE,0.80,0.65,0.55,0.80 
Mon Oct  2 18:40:23 IST 2017,NIFTY,OPTIDX,26OCT2017,PE,11500,29SEP2017,15:30:29,9788.60,1686.00,1684.65,1697.75,225,75,25500,4725,557925,75,,,change,0.07,11500.00,26OCT2017,PE,1684.20,1662.85,1585.10,1697.00 
Mon Oct  2 18:40:23 IST 2017,NIFTY,OPTIDX,26OCT2017,CE,11600,29SEP2017,15:30:29,9788.60,0.65,0.65,0.75,1200,5100,69075,36675,38025,75,,,change,8.33,11600.00,26OCT2017,CE,0.70,1.10,0.55,1.10 
Mon Oct  2 18:40:23 IST 2017,NIFTY,OPTIDX,26OCT2017,PE,11600,29SEP2017,15:30:29,9788.60,1783.60,1783.15,1798.25,600,75,8025,1800,98925,75,,,change,-0.41,11600.00,26OCT2017,PE,1780.35,1760.00,1709.00,1785.55 
